"Timestamp","Username","Nama","Umur","Jenis Kelamin","Alamat rumah","Seberapa sering Anda menggunakan media sosial setiap harinya?","Media sosial apakah yang sering Anda gunakan di setiap harinya? ","Aktivitas apa saja yang Anda lakukan ketika menggunakan media sosial?","Seberapa tahu Anda mengenai istilah-istilah yang sedang happening di media sosial?","Pilihlah istilah-istilah dibawah ini yang sering Anda temukan atau yang sudah Anda ketahui di media sosial","Menurut Anda, seberapa penting pemahaman mengenai suatu istilah dalam menggunakan media sosial?","Seberapa tertarik Anda terhadap website Social Media's Happening Term ini?","Menurut Anda apakah website Social Media's Happening Term ini berguna?","Fitur apa saja yang Anda harapkan dari website Social Media's Happening Term ini?","Seberapa seringkah Anda sebagai pengguna media sosial akan mengunjungi website Social Media's Happening Term ini?","Tampilan seperti apa yang Anda harapkan untuk website Social Media's Happening Term ini?"
"2020/11/10 5:02:22 PM GMT+7","muhammadzhafranbahij@gmail.com","Muhammad Zhafran Bahij","16-20","Laki-laki","Pondokgede Bekasi Jawa Barat","5","WhatsApp;Instagram;Line","Berkomunikasi dengan teman, keluarga, serta banyak orang;Mencari informasi;Menghibur diri","3","Open-minded;Toxic;SJW;Salty","4","4","4","Mungkin adanya fitur ""Jika kita diposisi terseburt, apa yg harus dilakukan.""","2","Colorful"
"2020/11/10 5:06:41 PM GMT+7","liswatunnaimah2@gmail.com","Liswatun Naimah","16-20","Perempuan","Jalan Maja Blok o no 61","5","WhatsApp;Twitter;Facebook;Line;Youtube","Berkomunikasi dengan teman, keluarga, serta banyak orang;Mencari informasi;Menghibur diri;Melihat berita terkini","3","Open-minded;Toxic;Salty","3","4","4","Info mengenai hal atau hal yg sedang happening","4","Colorful"
"2020/11/10 5:06:48 PM GMT+7","auliadesvira889@gmail.com","Lala","16-20","Perempuan","Jl. Anggur V Blok XK no 23, Medan Satria, Harapan Indah - Bekasi","5","WhatsApp;Instagram;Twitter","Berkomunikasi dengan teman, keluarga, serta banyak orang;Mencari informasi;Menghibur diri;Melihat berita terkini","4","Open-minded;Toxic;Salty;Spill the tea, oot, rt, dll","4","4","4","Bot yg bisa jawab semua pertanyaan ","3","Colorful"
"2020/11/10 5:09:33 PM GMT+7","nsucyawidya@gmail.com","Novia Sucy Aristawidya","16-20","Perempuan","Jl. Cibanteng III no.9","4","WhatsApp;Instagram","Mencari informasi;Menghibur diri;Melihat berita terkini","4","Open-minded;Toxic;SJW;Salty","4","3","3","definisi, sejarah, sinonim","3","Classic"
"2020/11/10 5:13:41 PM GMT+7","auliab05@gmail.com","Aulia Baihaqi","16-20","Perempuan","Jalan Cipinang Besar Selatan Rt 08/Rw 06 No 12, Jatinegara, Jakarta Timur","5","WhatsApp;Instagram","Berkomunikasi dengan teman, keluarga, serta banyak orang;Mencari informasi;Menghibur diri;Melihat berita terkini","4","Open-minded;Toxic;Salty","5","5","5","Fitur memperbaiki pemilihan kata dalam menulis di sebuah media sosial, fitur dictionary tentang arti2 dari kata yang sedang happening di media sosial","4","Colorful"
"2020/11/10 5:21:19 PM GMT+7","zhr.zhafirra@gmail.com","Zahra Zhafirra Hendratno","16-20","Perempuan","Bekasi","5","WhatsApp;Instagram;Twitter;Line","Berkomunikasi dengan teman, keluarga, serta banyak orang;Mencari informasi;Menghibur diri;Membagikan kegiatan sehari-hari","4","Open-minded;Toxic;Salty","4","5","5","Mencari yg sedang happening dgn mudah","4","Colorful"
"2020/11/10 5:21:50 PM GMT+7","kadekrahmajunita@gmail.com","Ni Kadek Rahma Junita Putri ","16-20","Perempuan","Bali, nusa dua","5","WhatsApp;Instagram;Line","Berkomunikasi dengan teman, keluarga, serta banyak orang;Mencari informasi;Menghibur diri;Melihat berita terkini","3","Open-minded;Toxic","5","4","4","Timer ","3","Colorful"
"2020/11/10 5:27:57 PM GMT+7","Oktavianti2530@gmail.com","Oktavianti Pertiwi","16-20","Perempuan","Jakarta Timur","5","WhatsApp;Twitter","Berkomunikasi dengan teman, keluarga, serta banyak orang;Mencari informasi;Menghibur diri;Melihat berita terkini","4","Open-minded;Toxic;SJW;Salty","4","4","4","Info-info menarik yang sedang happening di social media","4","Colorful"
"2020/11/10 5:31:24 PM GMT+7","niputulaksmif.d@gmail.com","Ni putu laksmi febriana dewi","16-20","Perempuan","Mandala 17 k halim p.k","5","WhatsApp;Instagram","Berkomunikasi dengan teman, keluarga, serta banyak orang;Menghibur diri","2","Open-minded;Toxic;Salty","5","3","3","Sy blm mencobanya","1","Colorful"
"2020/11/10 5:32:21 PM GMT+7","nengahdwi12@gmail.com","Anggreni","16-20","Perempuan","Giri asri blok a/18","5","WhatsApp;Instagram","Berkomunikasi dengan teman, keluarga, serta banyak orang;Menghibur diri","4","Open-minded;Toxic","5","5","5","-","4","Colorful"
"2020/11/10 5:34:40 PM GMT+7","daffa.hp.dh@gmail.com","Daffa Haryadi","16-20","Laki-laki","Jl haji adih","5","WhatsApp;Instagram;Twitter;reddit","Berkomunikasi dengan teman, keluarga, serta banyak orang;Mencari informasi;Menghibur diri;Melihat berita terkini","3","Open-minded;Toxic;SJW;Salty","4","4","3","deskripsi","3","Colorful"
"2020/11/10 5:36:29 PM GMT+7","etrnal70@gmail.com","Mochammad Hanif Ramadhan","16-20","Laki-laki","Jalan Tembok Rawamangun, Jakarta Timur","5","WhatsApp;Instagram;Twitter;Line;Telegram;Element","Berkomunikasi dengan teman, keluarga, serta banyak orang;Mencari informasi;Menghibur diri;Melihat berita terkini","4","Open-minded;Toxic;SJW;Salty","5","4","4","Pengkategorian terkait kata2 tertentu, seperti dibagi per konteis atau semacamnya","3","Colorful"
"2020/11/10 5:37:04 PM GMT+7","budiwijaya53@gmail.com","Budi","16-20","Laki-laki","Balai pustaka barat no 19","5","WhatsApp;Instagram;Tik tok","Berkomunikasi dengan teman, keluarga, serta banyak orang;Mencari informasi;Menghibur diri;Membagikan kegiatan sehari-hari;Melihat berita terkini","5","Open-minded;Toxic;SJW;Salty","5","5","5","Fitur follow","4","Classic"
"2020/11/10 5:37:10 PM GMT+7","madeartasya@gmai.com","Ni Made Ayu","16-20","Perempuan","Jl. Kesatriaan IX Blok O No 44 Cilincing Jakarta Utara","5","WhatsApp;Instagram;Line","Berkomunikasi dengan teman, keluarga, serta banyak orang;Mencari informasi;Menghibur diri;Melihat berita terkini","2","Open-minded;Toxic;Salty","4","4","4","Berita terkini(?) maap gangerti yg mana webnya:)","3","Colorful"
"2020/11/10 5:38:30 PM GMT+7","farhandewanta11@gmail.com","Farhan Dewanta Syahputra","16-20","Laki-laki","Jalan Teratai Putih 1 nomor 161 Jakarta Timur","5","WhatsApp;Instagram;Facebook","Berkomunikasi dengan teman, keluarga, serta banyak orang;Mencari informasi;Menghibur diri;Melihat berita terkini","3","Open-minded;Toxic;SJW;Salty","5","5","4","mungkin bisa dijelaskan cara penggunaan kata-kata tersebut. Jadi tidak hanya artinya saja","4","Classic"
"2020/11/10 5:40:06 PM GMT+7","mangpik10@gmail.com","Ni Luh Konang Sri Wahyuni","16-20","Perempuan","Jl. Pantau Bingin Pecatu","5","WhatsApp","Berkomunikasi dengan teman, keluarga, serta banyak orang;Mencari informasi;Menghibur diri;Membagikan kegiatan sehari-hari;Kuliah online","3","Ga ngerti","4","3","3","-","3","Formal"
"2020/11/10 5:41:45 PM GMT+7","megan.paramartha@gmail.com","Megan paramartha","21-25","Laki-laki","Taman griya, jimbaran, bali.","5","WhatsApp;Instagram","Berkomunikasi dengan teman, keluarga, serta banyak orang;Mencari informasi;Menghibur diri;Membagikan kegiatan sehari-hari;Melihat berita terkini","3","Open-minded;Toxic;Salty","4","5","5","Fitur yang bisa memfilter usia pengguna","5","Classic"
"2020/11/10 5:44:51 PM GMT+7","ikhsankusuma97@gmail.com","Ikhsan Agil Kusuma","16-20","Laki-laki","Citra Indah Cluster Bukit Rasamala Z3 No. 52, Jonggol, Jawa Barat","4","WhatsApp;Instagram;Line","Berkomunikasi dengan teman, keluarga, serta banyak orang;Mencari informasi;Menghibur diri;Melihat berita terkini","3","Open-minded;Toxic","5","5","4","Fitur pencarian (search) sehingga pengguna juga dapat mencari kata dengan mengetikkan kata kunci","4","Colorful"
"2020/11/10 5:48:13 PM GMT+7","pingkannala232@gmail.com","Pingkan nala","16-20","Perempuan","Jl by pass ngurah rai no. 53","5","WhatsApp;Instagram;Line","Berkomunikasi dengan teman, keluarga, serta banyak orang;Menghibur diri;Melihat berita terkini","3","Open-minded;Toxic","4","4","3","Gampang di akses","3","Classic"
"2020/11/10 5:58:38 PM GMT+7","rebeccacristiaas@gmail.com","Rebecca cristia","16-20","Perempuan","Batam","5","WhatsApp;Instagram;Twitter;Telegram","Berkomunikasi dengan teman, keluarga, serta banyak orang;Mencari informasi;Menghibur diri;Membagikan kegiatan sehari-hari;Melihat berita terkini;Menonton","4","Open-minded;Toxic;SJW;Salty;Gaslighting,abusive,Cyber Sexual harrasment, consent, triggered, mutual, jb ,rt,menfes,thread, dll ","5","3","4","Translator ","3","Colorful"
"2020/11/10 6:12:21 PM GMT+7","dhiya.2903@gmail.com","Dhiya Ayu Safira ","16-20","Perempuan","jl.Muncang no.74","5","WhatsApp;Instagram","Berkomunikasi dengan teman, keluarga, serta banyak orang;Mencari informasi;Menghibur diri","4","Open-minded;Toxic","4","5","5","mencari arti dari kata kata yang happening","4","Classic"
"2020/11/10 6:23:06 PM GMT+7","widiawidia838@gmail.com","Widya","16-20","Perempuan","Singaraja, Buleleng-Bali","5","Instagram","Menghibur diri","4","Open-minded","4","4","4","Highlight istilah booming","3","Classic"
"2020/11/10 6:25:16 PM GMT+7","yandesutresna21@gmail.com","Wayan De Sutresna","16-20","Laki-laki","Badung, Bali ","4","WhatsApp;Instagram;Twitter;Line","Berkomunikasi dengan teman, keluarga, serta banyak orang;Mencari informasi;Menghibur diri;Melihat berita terkini","4","Open-minded;Toxic;SJW;Salty","3","4","3","Fitur pemberitahuan dan pembaharuan yang cepat","3","Classic"
"2020/11/10 6:49:16 PM GMT+7","rahmanajaabdur@gmail.com","Abdurrahman Adkhil ","16-20","Laki-laki","Bekasi","5","WhatsApp;Instagram","Berkomunikasi dengan teman, keluarga, serta banyak orang;Mencari informasi;Menghibur diri;Melihat berita terkini","4","Open-minded;Toxic;SJW;Salty","4","4","4","Menarik ","3","Classic"
"2020/11/10 6:55:56 PM GMT+7","mridhor08@gmail.com","Muhammad Ridho Rizqillah","16-20","Laki-laki","Jl. Permata III blok G.11, Koja, Jakut","5","WhatsApp;Instagram;Twitter","Berkomunikasi dengan teman, keluarga, serta banyak orang;Mencari informasi;Menghibur diri;Melihat berita terkini","4","Open-minded;Toxic;SJW;Salty","4","4","4","terdapat kategori tentang hal2 yg happening","3","Colorful"
"2020/11/10 7:06:23 PM GMT+7","nabilah.faujiah@ui.ac.id","Nabilah Faujiah","16-20","Perempuan","Jalan Kelapa Muda IV No. 37 Jakarta Utara","4","WhatsApp;Twitter;Line","Berkomunikasi dengan teman, keluarga, serta banyak orang;Mencari informasi;Menghibur diri;Melihat berita terkini","4","Open-minded;Toxic;SJW;Salty","5","5","5","fitur pencarian dan kategori kata","4","Classic"
"2020/11/10 7:44:49 PM GMT+7","abdullah.azzam130@gmail.com","Abdullah Azzam","16-20","Laki-laki","Bekasi","5","WhatsApp;Instagram;Twitter;Line","Berkomunikasi dengan teman, keluarga, serta banyak orang;Mencari informasi;Menghibur diri;Membagikan kegiatan sehari-hari","4","Open-minded;Toxic;SJW;Salty","5","4","4","Fitur seperti kbbi namun tampilannya dibuat semenarik mungkin, lalu contoh penggunaan term tersebut, serta mungkin semacam tag biar user tau suatu term memiliki definisi negatif atau positif","3","Colorful"
"2020/11/10 9:13:31 PM GMT+7","handiniwijaya@gmail.com","Handini Wijaya","16-20","Perempuan","Jl. P.antasari no. 818 JakSel","3","WhatsApp;Discord","Berkomunikasi dengan teman, keluarga, serta banyak orang;Mencari informasi;Melihat berita terkini","2","Open-minded;Toxic;Salty","3","4","4","Fitur yang berguna untuk informasi jangan sampe bikin lalai :""","3","Classic"
"2020/11/10 9:17:45 PM GMT+7","kokariefya@gmail.com","Arief R","16-20","Laki-laki","tangerang selatan","5","WhatsApp;Instagram;Twitter;Facebook;Line;Telegram;TINDER, BUMBLE","Berkomunikasi dengan teman, keluarga, serta banyak orang;Mencari informasi;Menghibur diri;Membagikan kegiatan sehari-hari;Melihat berita terkini;Mencari skandal / isu / gosip","5","Open-minded;Toxic;SJW;Salty","5","5","5","Fitur live chat","4","Colorful"
"2020/11/10 9:25:48 PM GMT+7","sanisapascaline11@gmail.com","Putu Sanisa Pascaline","16-20","Perempuan","Jl. Dewi Sartika No 16","5","WhatsApp;Instagram;Twitter;Line;Telegram","Berkomunikasi dengan teman, keluarga, serta banyak orang;Mencari informasi;Menghibur diri;Membagikan kegiatan sehari-hari;Melihat berita terkini","5","Open-minded;Toxic;SJW;Salty","5","5","5","Memfilter kata-kata yang 18+, SARA, dll","5","Colorful"
"2020/11/10 9:26:28 PM GMT+7","siti.nuraisyarani@gmail.com","Siti Nuraisyarani Baashita","16-20","Perempuan","Cigombong, Bogor, Jawa Barat. ","4","WhatsApp;Instagram;Twitter","Berkomunikasi dengan teman, keluarga, serta banyak orang;Mencari informasi;Menghibur diri;Melihat berita terkini","4","Open-minded","4","4","4","Fitur pembatasan penggunaan","4","Colorful"
"2020/11/10 9:31:32 PM GMT+7","sugiyanti.dewi04@gmail.com","Dewi Sugianti","16-20","Perempuan","Jalan Cipinang Besar Selatan RT10/10 Jatinegara. Jakarta Timur","5","WhatsApp;Twitter;Telegram","Berkomunikasi dengan teman, keluarga, serta banyak orang;Mencari informasi;Menghibur diri;Melihat berita terkini","4","Open-minded;Toxic;Salty","4","4","4","fitur pencarian suatu kata yang kemudian menampilkan arti beserta contoh penggunaannya dalam sebuah kalimat","3","Colorful"
"2020/11/10 9:38:17 PM GMT+7","daniswara2002@gmail.com","Adista Daniswara","16-20","Perempuan","Jl. Kober Kecil RT 007/08 No.65 Kel. Rawa Bunga, Kec. Jatinegara, Jakarta Timur","5","WhatsApp;Twitter","Berkomunikasi dengan teman, keluarga, serta banyak orang;Mencari informasi;Menghibur diri;Membagikan kegiatan sehari-hari;Melihat berita terkini","4","Open-minded;Toxic;SJW;Salty","4","5","4","fitur search istilah ","4","Colorful"
"2020/11/10 9:55:20 PM GMT+7","savitri1113@gmail.com","Savitri","16-20","Perempuan","Jl. Praji, Kelapa Dua Wetan, Ciracas","5","WhatsApp;Instagram;Twitter","Berkomunikasi dengan teman, keluarga, serta banyak orang;Mencari informasi;Menghibur diri;Melihat berita terkini","3","Open-minded;Toxic;Salty","3","5","5","bisa mencari kata per kata dari semua istilah yang ada","3","Classic"
"2020/11/10 10:56:37 PM GMT+7","afifahburaqiilah@gmail.com","Afiifah nur aqiilah","16-20","Perempuan","Taman graha asri","5","WhatsApp;Instagram;Twitter","Berkomunikasi dengan teman, keluarga, serta banyak orang;Menghibur diri;Membagikan kegiatan sehari-hari","4","Toxic","4","4","4","Komunikasi","4","Colorful"
"2020/11/11 4:58:46 AM GMT+7","rahmawatymalawat775@gmail.com","rahma wati malawat","16-20","Perempuan","gang nusa indah 2 perumnas 1 waena jayapura papua","5","WhatsApp;Instagram;Twitter;Facebook;Telegram","Berkomunikasi dengan teman, keluarga, serta banyak orang;Mencari informasi;Menghibur diri;Melihat berita terkini","4","Open-minded;Toxic;Salty","4","4","4","komunikasi","4","Colorful"
"2020/11/11 7:04:07 AM GMT+7","yafethwabiser8@gmail.com","Yafeth","16-20","Laki-laki","Rawamangun","5","WhatsApp","Berkomunikasi dengan teman, keluarga, serta banyak orang","4","Toxic","5","5","5","Apapun itu yang penting membantu","3","Classic"
"2020/11/11 7:17:33 AM GMT+7","faris12rr@gmail.com","Faris Rizky Ramadhan","16-20","Laki-laki","Bekasi","4","WhatsApp;Instagram","Berkomunikasi dengan teman, keluarga, serta banyak orang;Mencari informasi","3","Open-minded;Toxic;SJW","3","3","4","Fitur pencarian berdasarkan popularity, List dari istilah-istilah tersebut","3","Colorful"
"2020/11/11 7:23:03 AM GMT+7","nugrahaferdy68@gmail.com","Ferdy Nugraha","16-20","Laki-laki","Jl. H. Ung Dalam","5","WhatsApp;Facebook;Line","Berkomunikasi dengan teman, keluarga, serta banyak orang;Mencari informasi;Menghibur diri;Melihat berita terkini","3","Open-minded;Toxic;Salty","4","3","3","Belum kepikiran","2","Colorful"
"2020/11/11 7:48:42 AM GMT+7","mahesaiqbalwow@gmail.com","Mahe","16-20","Laki-laki","Jl cipeucang 2 no 19, Koja, Jakarta Utara","3","WhatsApp;Instagram;Twitter;Line","Berkomunikasi dengan teman, keluarga, serta banyak orang;Mencari informasi;Menghibur diri;Melihat berita terkini","4","Open-minded;Toxic;SJW;Salty;banyak dah","5","3","4","trending","3","Classic"
"2020/11/11 7:55:33 AM GMT+7","muhammad.adin.1@gmail.com","M. Adin Nugroho","16-20","Laki-laki","Pondok Cikunir Indah Jl. Rajawali IV Blok D4/14","5","WhatsApp;Instagram","Berkomunikasi dengan teman, keluarga, serta banyak orang;Mencari informasi;Menghibur diri;Melihat berita terkini","3","Open-minded;Toxic","3","4","4","Bukan hanya memberikan arti kata, tetapi juga memberikan contoh kalimat. Mirip,"" KBBI lah","3","Colorful"
"2020/11/11 8:01:02 AM GMT+7","luckykumala_1705619019@mhs.unj.ac.id","Lucky Kumala","16-20","Laki-laki","Teluk Gong Jakarta Utara","5","WhatsApp;Instagram;Facebook","Berkomunikasi dengan teman, keluarga, serta banyak orang;Menghibur diri;Melihat berita terkini","3","Open-minded;Toxic","4","3","3","Informasi","3","Formal"
"2020/11/11 8:56:11 AM GMT+7","andrewalvaroh@gmail.com","Andrew Alvaro Hazizi","16-20","Laki-laki","Kalideres jakbar","4","WhatsApp","Berkomunikasi dengan teman, keluarga, serta banyak orang;Mencari informasi","2","Open-minded;Toxic","5","5","5","tida tau","5","Colorful"
"2020/11/11 1:30:38 PM GMT+7","abimanyudarmawan4@gmail.com","Abimanyu Darmawan","16-20","Laki-laki","Jl. Mengger Hilir No.31, Bandung","5","WhatsApp;Instagram;Twitter;Facebook;Line","Berkomunikasi dengan teman, keluarga, serta banyak orang;Mencari informasi;Menghibur diri;Membagikan kegiatan sehari-hari;Melihat berita terkini;Pekerjaan","5","Open-minded;Toxic;Salty;Mending Rakit PC","5","5","5","Portal Informasi mengenai Sosial Media","4","Colorful"
"2020/11/11 8:47:11 PM GMT+7","gitadilayla2005@gmail.com","REGITTA ARIVIA DILAYLA","16-20","Perempuan","Gang ZZ","4","WhatsApp;Instagram","Berkomunikasi dengan teman, keluarga, serta banyak orang;Mencari informasi;Menghibur diri;Melihat berita terkini","3","Open-minded;Toxic","4","5","5","YANG LEBIH BAIK LAGI","3","Colorful"
"2020/11/11 10:02:36 PM GMT+7","safitriarrum@gmail.com","Arrum Safitri","16-20","Perempuan","Gang Assalam 1, Buaran, Tangerang Selatan","5","WhatsApp;Instagram;Telegram;Tiktok","Berkomunikasi dengan teman, keluarga, serta banyak orang;Mencari informasi;Menghibur diri;Melihat berita terkini","5","Open-minded;Toxic;SJW;Salty","4","5","5","Fitu Sticker pada pesan","5","Colorful"
"2020/11/12 6:33:26 PM GMT+7","divvakml@gmail.com","Divva Kaamila","16-20","Perempuan","Taman kenari jagorawi blok 8A no.52","4","WhatsApp;Instagram;Twitter","Berkomunikasi dengan teman, keluarga, serta banyak orang;Mencari informasi;Menghibur diri;Membagikan kegiatan sehari-hari;Melihat berita terkini","3","Open-minded;Toxic;Salty","4","4","5","Fitur tampilan yg menarik ","3","Colorful"
"2020/11/12 6:38:53 PM GMT+7","venaselviana11@gmail.com","Vena Selviana ","16-20","Perempuan","Jalan lingkungan 03 citatah dalam ","4","WhatsApp;Instagram","Berkomunikasi dengan teman, keluarga, serta banyak orang;Mencari informasi;Menghibur diri;Membagikan kegiatan sehari-hari;Melihat berita terkini","4","Open-minded;Toxic","5","4","5","chatting","4","Colorful"
"2020/11/12 6:39:53 PM GMT+7","sheptadwip02@gmail.com","Shepta Dwi Pratiwi","16-20","Perempuan","Ko. Padurenan rt 010/003 pabauaran kab bogor","5","WhatsApp;Instagram;Telegram","Berkomunikasi dengan teman, keluarga, serta banyak orang;Mencari informasi;Menghibur diri;Melihat berita terkini","3","Open-minded;Toxic","3","4","4","Whatsapp","1","Classic"
"2020/11/12 6:42:53 PM GMT+7","chelsyalita@gmail.com","Vanessa Chelsyalita","16-20","Perempuan","Pondok Rajeg","4","WhatsApp;YouTube","Berkomunikasi dengan teman, keluarga, serta banyak orang;Mencari informasi;Menghibur diri;Melihat berita terkini","3","Open-minded;Toxic","4","4","5","Forum bertukar informasi","4","Colorful"
"2020/11/12 6:46:14 PM GMT+7","aulianabilla14@gmail.com","Putri Aulia Nabila","16-20","Perempuan","Tytyan indah blok i2 no. 9","3","WhatsApp;Instagram;Twitter;Telegram","Berkomunikasi dengan teman, keluarga, serta banyak orang;Mencari informasi;Menghibur diri;Membagikan kegiatan sehari-hari;Melihat berita terkini","3","Open-minded;Toxic;Salty","5","5","5","Membantu memudahkan masyarakat ","3","Colorful"
"2020/11/12 6:46:22 PM GMT+7","jihyonim99@gmail.com","Aisy Khoirunnisa","16-20","Perempuan","Mojokerto, Jawa Timur","4","WhatsApp;Twitter","Berkomunikasi dengan teman, keluarga, serta banyak orang;Menghibur diri;Membagikan kegiatan sehari-hari","4","Open-minded;Toxic;Salty;FYI, ASAP","5","4","5","
reminder penggunaan social media harian","4","Classic"
"2020/11/12 6:46:42 PM GMT+7","izmanurhidayat@gmail.com","Izma Nurhidayat","16-20","Perempuan","Citeureup","3","WhatsApp;Instagram;Twitter","Berkomunikasi dengan teman, keluarga, serta banyak orang;Mencari informasi;Menghibur diri;Melihat berita terkini","3","Open-minded;Toxic;SJW;Salty","5","3","5","Apa aja tp bermanfaat","3","Colorful"
"2020/11/12 6:47:13 PM GMT+7","agnia.dini8@gmail.com","Agnia Nurjihad Dini","16-20","Perempuan","kp. kamurang rt02 rw11","5","WhatsApp;Instagram;Twitter;Line;Telegram","Berkomunikasi dengan teman, keluarga, serta banyak orang;Mencari informasi;Menghibur diri;Membagikan kegiatan sehari-hari;Melihat berita terkini","4","Open-minded;Toxic;Salty","5","4","4","informasi","4","Colorful"
"2020/11/12 6:58:30 PM GMT+7","reginafebriantiregina@gmail.com","Regina Febrianti","16-20","Perempuan","Lingkungan 03 citatah no 27","5","WhatsApp;Instagram","Berkomunikasi dengan teman, keluarga, serta banyak orang;Mencari informasi;Menghibur diri;Membagikan kegiatan sehari-hari;Melihat berita terkini","4","Open-minded;Toxic;Salty","5","4","5","Istilah-istilah di media sosial yang lagi happening","4","Colorful"